﻿<?xml version="1.0" encoding="utf-8"?>
<Test xmlns:xsi="http://www.w3.org/2001/XMLSchema-instance" xmlns:xsd="http://www.w3.org/2001/XMLSchema" Name="StateTest" IsTestCase="false" TestCaseId="0" AutomatedTestId="68279f75-e759-656d-c6b4-56970f499b41">
  <Signatures>
    <Signature>483C5702CD105AB48A6475AC4E8ED33066E81D41</Signature>
    <Signature>AA03AADEABE0870A90B29FB6E0D656215843FD89</Signature>
    <Signature>6EAF62D71D6D3568A87D5ADA11DDE674A3B35CED</Signature>
    <Signature>74499BC8CCF6EBFF0A28808AE6AE4FF5CE451524</Signature>
    <Signature>965611DE8E13534FB8A4AED8A2A9C2C4A6EF124C</Signature>
    <Signature>D007A3C3E1097C0AA1E4940326397087755B5E17</Signature>
    <Signature>D2C6B4CA833D04A7A3B35B547E8C7905F827BD28</Signature>
    <Signature>443CA3668F28AF4EA924E135132D1FCB31217A5C</Signature>
    <Signature>7D3EDF81E48885ADCB7B153C6B24D45F22B1848C</Signature>
    <Signature>E5B08A8918D007681ACC041B045D46DBDA582721</Signature>
    <Signature>251F684426169FADCC70AAC9575A687E507CB2DC</Signature>
    <Signature>C4BE519133F277FA7369E2646E609EA23FE08B5B</Signature>
    <Signature>8C4D873FB4E65C33B9CF5D2F612C86736D02E3F4</Signature>
    <Signature>648804EA7CBD4DB845299D30D6C890FDC87FDEA7</Signature>
    <Signature>164FD38551A01D386C9EAC2E2EAE19BA3C6CBA56</Signature>
    <Signature>6201DAB86C7E2F9996796B72ED2802B756D7BD0E</Signature>
  </Signatures>
</Test>