<?xml version="1.0" encoding="utf-8"?>
<VisualState xmlns:xsi="http://www.w3.org/2001/XMLSchema-instance" xmlns:xsd="http://www.w3.org/2001/XMLSchema" ShowCheckBoxes="false">
  <TopNode>[0-1000]C:\Users\Steve\Documents\My Dropbox\PluralsightCurrent\018 - Lazy Load Pattern\before\LazyLoad\packages\NUnit.2.5.10.11092\tools\Project1.nunit</TopNode>
  <SelectedNode>[0-1000]C:\Users\Steve\Documents\My Dropbox\PluralsightCurrent\018 - Lazy Load Pattern\before\LazyLoad\packages\NUnit.2.5.10.11092\tools\Project1.nunit</SelectedNode>
  <ExcludeCategories>false</ExcludeCategories>
  <Nodes>
    <Node UniqueName="[0-1000]C:\Users\Steve\Documents\My Dropbox\PluralsightCurrent\018 - Lazy Load Pattern\before\LazyLoad\packages\NUnit.2.5.10.11092\tools\Project1.nunit" Expanded="true" />
    <Node UniqueName="[0-1012]C:\Users\Steve\Documents\My Dropbox\PluralsightCurrent\018 - Lazy Load Pattern\before\LazyLoad\LazyLoad\bin\Debug\LazyLoad.dll" Expanded="true" />
    <Node UniqueName="[0-1013]LazyLoad" Expanded="true" />
    <Node UniqueName="[0-1017]LazyLoad.Ghosts" Expanded="true" />
    <Node UniqueName="[0-1009]LazyLoad.Ghosts.OrderShould" Expanded="true" />
    <Node UniqueName="[0-1015]LazyLoad.LazyInit" Expanded="true" />
    <Node UniqueName="[0-1003]LazyLoad.LazyInit.OrderShould" Expanded="true" />
    <Node UniqueName="[0-1014]LazyLoad.ValueHolder" Expanded="true" />
    <Node UniqueName="[0-1001]LazyLoad.ValueHolder.OrderShould" Expanded="true" />
    <Node UniqueName="[0-1016]LazyLoad.VirtualProxy" Expanded="true" />
    <Node UniqueName="[0-1007]LazyLoad.VirtualProxy.OrderShould" Expanded="true" />
  </Nodes>
</VisualState>