﻿<?xml version="1.0" encoding="utf-8"?>
<Test xmlns:xsi="http://www.w3.org/2001/XMLSchema-instance" xmlns:xsd="http://www.w3.org/2001/XMLSchema" Name="EntitiesTest" IsTestCase="false" TestCaseId="0" AutomatedTestId="cf11b2b8-6295-1059-94d2-fd1c29da7814">
  <Signatures>
    <Signature>BB1E311D408D9E1662FB27D75CF84C0E32F14787</Signature>
    <Signature>BDC661E0C318CCFFEC35ECF72B35589DDDC64BFE</Signature>
    <Signature>C19378577EA252A6FF763987DDD8E1CCB77DC438</Signature>
    <Signature>74499BC8CCF6EBFF0A28808AE6AE4FF5CE451524</Signature>
    <Signature>965611DE8E13534FB8A4AED8A2A9C2C4A6EF124C</Signature>
    <Signature>B8657A9A73139D8A2DF1CC5D583D90058E3F4B98</Signature>
    <Signature>D007A3C3E1097C0AA1E4940326397087755B5E17</Signature>
    <Signature>12451328DE17821D4ED6340DE0C8912A9F41394A</Signature>
    <Signature>53E6CAA25B84277EAB845BC7255B151155C3DBD6</Signature>
    <Signature>E5B08A8918D007681ACC041B045D46DBDA582721</Signature>
    <Signature>251F684426169FADCC70AAC9575A687E507CB2DC</Signature>
    <Signature>C4BE519133F277FA7369E2646E609EA23FE08B5B</Signature>
    <Signature>ACFDBCD4C698DA6887593FF5CAFB3F22B97BFC73</Signature>
    <Signature>A696D0F6C045EF8829676421FEC73183055B2A01</Signature>
    <Signature>A143A0440B0E9493F6DF606BC6594C48A13CBA44</Signature>
    <Signature>9AAB19D7186C6E9A3EBC06BD619ACFB5E2A67AE4</Signature>
    <Signature>8C4D873FB4E65C33B9CF5D2F612C86736D02E3F4</Signature>
    <Signature>164FD38551A01D386C9EAC2E2EAE19BA3C6CBA56</Signature>
    <Signature>6201DAB86C7E2F9996796B72ED2802B756D7BD0E</Signature>
    <Signature>AAF6E62257C233B10420C374967ABF185B4A0126</Signature>
    <Signature>250E81586670BAA1C3AD0C1A02B6C387A2455E8B</Signature>
    <Signature>A449BA6353122CCE76C65C3F9E5A77166627B006</Signature>
    <Signature>FD8A730D5D68811914D365CE036C4D6FC02241F5</Signature>
  </Signatures>
</Test>