﻿<?xml version="1.0" encoding="utf-8"?>
<Test xmlns:xsi="http://www.w3.org/2001/XMLSchema-instance" xmlns:xsd="http://www.w3.org/2001/XMLSchema" Name="FindByIdTest" IsTestCase="false" TestCaseId="0" AutomatedTestId="a1ce8c1f-1274-dfec-5ea2-d770f37be324">
  <Signatures>
    <Signature>D5AD1EF4998993DFA4C72D1CDF78B19AE5EEEE18</Signature>
    <Signature>AA03AADEABE0870A90B29FB6E0D656215843FD89</Signature>
    <Signature>6EAF62D71D6D3568A87D5ADA11DDE674A3B35CED</Signature>
    <Signature>74499BC8CCF6EBFF0A28808AE6AE4FF5CE451524</Signature>
    <Signature>965611DE8E13534FB8A4AED8A2A9C2C4A6EF124C</Signature>
    <Signature>D007A3C3E1097C0AA1E4940326397087755B5E17</Signature>
    <Signature>443CA3668F28AF4EA924E135132D1FCB31217A5C</Signature>
    <Signature>7D3EDF81E48885ADCB7B153C6B24D45F22B1848C</Signature>
    <Signature>C3AC150F76BBC7331149A08E0F69D1B6534F556E</Signature>
    <Signature>53E6CAA25B84277EAB845BC7255B151155C3DBD6</Signature>
    <Signature>E5B08A8918D007681ACC041B045D46DBDA582721</Signature>
    <Signature>C4BE519133F277FA7369E2646E609EA23FE08B5B</Signature>
    <Signature>8C4D873FB4E65C33B9CF5D2F612C86736D02E3F4</Signature>
    <Signature>648804EA7CBD4DB845299D30D6C890FDC87FDEA7</Signature>
    <Signature>164FD38551A01D386C9EAC2E2EAE19BA3C6CBA56</Signature>
    <Signature>6201DAB86C7E2F9996796B72ED2802B756D7BD0E</Signature>
    <Signature>250E81586670BAA1C3AD0C1A02B6C387A2455E8B</Signature>
    <Signature>A449BA6353122CCE76C65C3F9E5A77166627B006</Signature>
    <Signature>FD8A730D5D68811914D365CE036C4D6FC02241F5</Signature>
  </Signatures>
</Test>