﻿<?xml version="1.0" encoding="utf-8"?>
<Test xmlns:xsi="http://www.w3.org/2001/XMLSchema-instance" xmlns:xsd="http://www.w3.org/2001/XMLSchema" Name="FindByIdTest" IsTestCase="false" TestCaseId="0" AutomatedTestId="d4003831-8ec5-73a4-8bde-6a2b68c4ed61">
  <Signatures>
    <Signature>164FD38551A01D386C9EAC2E2EAE19BA3C6CBA56</Signature>
    <Signature>6201DAB86C7E2F9996796B72ED2802B756D7BD0E</Signature>
    <Signature>250E81586670BAA1C3AD0C1A02B6C387A2455E8B</Signature>
    <Signature>A449BA6353122CCE76C65C3F9E5A77166627B006</Signature>
    <Signature>FD8A730D5D68811914D365CE036C4D6FC02241F5</Signature>
    <Signature>728861E78EED06D5B4A358B10C9D2A715736FD71</Signature>
    <Signature>AF955C4FA71420A8390B38D5DC439D65B98921D0</Signature>
    <Signature>4091D341200104C88926035BD12BE042C314D9C7</Signature>
    <Signature>CC1A9449CF9C0C34511766D4F860BDA6A9991C1F</Signature>
    <Signature>80F1FA68D19FD784D78F8B14EEB7B388992AC37E</Signature>
    <Signature>78F669A80857A83E04D3E0403BDE592D80537504</Signature>
    <Signature>9062C9604F020EC105DC07C93865D527875ECE4B</Signature>
    <Signature>F16DFD6CB99CA3138A840B922F178196A319F193</Signature>
    <Signature>A559EF142135B6B9857CD429AC20B61D46760489</Signature>
    <Signature>EF0E3A8479D66AD96619B1A62022423F086DD673</Signature>
    <Signature>3C562B21FACA15168A6C465488D5CD4A11229C6C</Signature>
    <Signature>108BDB001B4B9122DACBF61588D937CC9CC77F25</Signature>
  </Signatures>
</Test>