﻿<?xml version="1.0" encoding="utf-8"?>
<Test xmlns:xsi="http://www.w3.org/2001/XMLSchema-instance" xmlns:xsd="http://www.w3.org/2001/XMLSchema" Name="StateTest" IsTestCase="false" TestCaseId="0" AutomatedTestId="27409ce1-83ae-053c-1f87-9ac026ec6576">
  <Signatures>
    <Signature>164FD38551A01D386C9EAC2E2EAE19BA3C6CBA56</Signature>
    <Signature>6201DAB86C7E2F9996796B72ED2802B756D7BD0E</Signature>
    <Signature>A4D80DCED5D27C9AFE8233CD1C029F7613BF74BF</Signature>
    <Signature>AF955C4FA71420A8390B38D5DC439D65B98921D0</Signature>
    <Signature>4091D341200104C88926035BD12BE042C314D9C7</Signature>
    <Signature>CC1A9449CF9C0C34511766D4F860BDA6A9991C1F</Signature>
    <Signature>80F1FA68D19FD784D78F8B14EEB7B388992AC37E</Signature>
    <Signature>78F669A80857A83E04D3E0403BDE592D80537504</Signature>
    <Signature>9062C9604F020EC105DC07C93865D527875ECE4B</Signature>
    <Signature>EF0E3A8479D66AD96619B1A62022423F086DD673</Signature>
    <Signature>FF538652FF6C646CC2BC944F6F29E41590D47E37</Signature>
    <Signature>3C562B21FACA15168A6C465488D5CD4A11229C6C</Signature>
    <Signature>108BDB001B4B9122DACBF61588D937CC9CC77F25</Signature>
  </Signatures>
</Test>